﻿,业绩比较基准,基准对应的基金数目,基金对应平均比例
0,沪深300指数收益率,7,0
1,恒生指数收益率,4,0
2,金融机构人民币活期存款利率(税后),4,0
3,中债新综合财富(总值)指数收益率,4,0
4,经汇率调整的恒生指数收益率,2,0
5,中债新综合全价(总值)指数收益率,2,0
6,中证可转债及可交换债券指数收益率,2,0
7,恒生综合指数收益率(经汇率调整后),1,0
8,中证可转换债券指数收益率,1,0
9,中债综合指数收益率,1,0
